GENE710X,GENE1553X,GENE2390X,GENE1303X,GENE3104X,GENE1595X,GENE790X,GENE2240X,GENE2328X,GENE1685X,GENE2548X,GENE598X,GENE833X,GENE221X,GENE695X,GENE3896X,GENE978X,GENE2081X,GENE2714X,GENE2333X,GENE2584X,GENE1304X,GENE222X,GENE2289X,GENE171X,GENE1309X,GENE672X,GENE2110X,GENE1491X,GENE712X,GENE2405X,GENE2028X,GENE3034X,GENE2557X,GENE746X,GENE3223X,GENE2771X,GENE2494X,GENE2384X,GENE1045X,GENE2406X,GENE192X,GENE616X,GENE2424X,GENE455X,GENE832X,GENE1481X,GENE2075X,GENE1702X,GENE2593X,GENE2360X,GENE708X,GENE3779X,GENE2454X
GENE2390X,GENE735X,GENE1595X,GENE1514X,GENE2329X,GENE708X,GENE651X,GENE672X,GENE1304X,GENE3104X,GENE710X,GENE2553X,GENE2771X,GENE838X,GENE1553X,GENE976X,GENE2424X,GENE2301X,GENE2714X,GENE2493X,GENE2454X,GENE446X,GENE410X,GENE1907X,GENE2387X,GENE901X,GENE680X,GENE587X,GENE695X,GENE444X,GENE1653X,GENE790X,GENE1355X,GENE2557X,GENE3534X,GENE2068X,GENE2555X,GENE3223X,GENE3547X,GENE2556X,GENE1078X,GENE679X,GENE352X,GENE2267X,GENE1910X,GENE1685X,GENE2584X,GENE221X,GENE70X,GENE1441X,GENE2593X,GENE1777X,GENE269X,GENE2178X,GENE2048X,GENE2010X,GENE715X
GENE1595X,GENE598X,GENE3104X,GENE712X,GENE2240X,GENE977X,GENE769X,GENE708X,GENE2110X,GENE1372X,GENE3223X,GENE2677X,GENE2402X,GENE503X,GENE1910X,GENE2548X,GENE588X,GENE2289X,GENE2714X,GENE1702X,GENE171X,GENE531X,GENE2394X,GENE999X,GENE871X,GENE595X,GENE2584X,GENE222X,GENE2504X,GENE710X,GENE2437X,GENE1355X,GENE1903X,GENE262X,GENE587X,GENE1303X,GENE3252X,GENE3304X,GENE1565X,GENE2496X,GENE238X,GENE2554X,GENE1553X,GENE2333X,GENE446X,GENE3707X,GENE695X,GENE2553X,GENE2424X,GENE221X,GENE901X,GENE2224X,GENE978X,GENE749X
GENE3104X,GENE2390X,GENE2271X,GENE2289X,GENE446X,GENE2402X,GENE1613X,GENE1303X,GENE221X,GENE1910X,GENE732X,GENE2454X,GENE769X,GENE901X,GENE689X,GENE447X,GENE838X,GENE585X,GENE2110X,GENE710X,GENE1653X,GENE1685X,GENE2693X,GENE2584X,GENE357X,GENE532X,GENE708X,GENE222X,GENE2219X,GENE2329X,GENE1372X,GENE2548X,GENE2354X,GENE588X,GENE2240X,GENE2556X,GENE1503X,GENE2374X,GENE3999X,GENE2307X,GENE2675X,GENE663X,GENE220X,GENE2714X,GENE3534X,GENE2494X,GENE1528X,GENE596X,GENE3223X,GENE2323X,GENE2360X,GENE2403X,GENE858X,GENE2204X,GENE410X,GENE2771X,GENE971X,GENE735X
GENE1702X,GENE1595X,GENE712X,GENE766X,GENE2134X,GENE2784X,GENE598X,GENE2390X,GENE710X,GENE2077X,GENE2240X,GENE3104X,GENE978X,GENE2556X,GENE369X,GENE2251X,GENE2492X,GENE530X,GENE356X,GENE2427X,GENE2396X,GENE2156X,GENE3223X,GENE760X,GENE3034X,GENE708X,GENE446X,GENE735X,GENE3779X,GENE2375X,GENE1957X,GENE1742X,GENE1045X,GENE1289X,GENE976X,GENE357X,GENE596X,GENE2245X,GENE2110X,GENE1917X,GENE2193X,GENE222X,GENE896X,GENE2227X,GENE999X,GENE699X,GENE1304X,GENE833X,GENE592X,GENE2378X,GENE745X,GENE2192X,GENE2094X,GENE238X,GENE2402X,GENE2231X,GENE3071X
